{"cameraMode":{"drawMode":0,"name":"Shaded","section":"Shading Mode"},"sceneLighting":false,"audioPlay":false,"sceneViewState":{"showFog":true,"showMaterialUpdate":true,"showSkybox":false,"showFlares":true,"showImageEffects":true,"showParticleSystems":true},"in2DMode":false,"pivot":{"x":0.0,"y":2.311000108718872,"z":1.0495365858078004},"rotation":{"x":-0.3120318651199341,"y":0.13886938989162446,"z":-0.04541885107755661,"w":-0.9390041828155518},"size":-1.5289945602416993,"orthographic":false}