{"cameraMode":{"drawMode":0,"name":"Shaded","section":"Shading Mode"},"sceneLighting":false,"audioPlay":false,"sceneViewState":{"showFog":true,"showMaterialUpdate":true,"showSkybox":false,"showFlares":true,"showImageEffects":true,"showParticleSystems":true},"in2DMode":false,"pivot":{"x":16.140361785888673,"y":0.4572683274745941,"z":-3.5136630535125734},"rotation":{"x":-0.3120318651199341,"y":0.13886938989162446,"z":-0.04541885107755661,"w":-0.9390041828155518},"size":0.24545980989933015,"orthographic":false}