{"cameraMode":{"drawMode":0,"name":"Shaded","section":"Shading Mode"},"sceneLighting":false,"audioPlay":false,"sceneViewState":{"showFog":true,"showMaterialUpdate":true,"showSkybox":false,"showFlares":true,"showImageEffects":true,"showParticleSystems":true},"in2DMode":false,"pivot":{"x":4.079999923706055,"y":56.530609130859378,"z":2.9800000190734865},"rotation":{"x":-0.3828095495700836,"y":-0.37518247961997988,"z":0.17365261912345887,"w":-0.8262273073196411},"size":0.6928213238716126,"orthographic":false}