{"cameraMode":{"drawMode":0,"name":"Shaded","section":"Shading Mode"},"sceneLighting":false,"audioPlay":false,"sceneViewState":{"showFog":true,"showMaterialUpdate":true,"showSkybox":false,"showFlares":true,"showImageEffects":true,"showParticleSystems":true},"in2DMode":false,"pivot":{"x":0.4169999957084656,"y":1.8606796264648438,"z":2.2200000286102297},"rotation":{"x":0.21451547741889954,"y":0.24017246067523957,"z":-0.054762132465839389,"w":0.9452645182609558},"size":0.26389315724372866,"orthographic":false}