{"cameraMode":{"drawMode":0,"name":"Shaded","section":"Shading Mode"},"sceneLighting":false,"audioPlay":false,"sceneViewState":{"showFog":true,"showMaterialUpdate":true,"showSkybox":false,"showFlares":true,"showImageEffects":true,"showParticleSystems":true},"in2DMode":false,"pivot":{"x":-0.7441824674606323,"y":4.569446563720703,"z":0.9100000262260437},"rotation":{"x":0.41803810000419619,"y":-0.1505417674779892,"z":0.07041317224502564,"w":0.8932331204414368},"size":0.2818629741668701,"orthographic":false}