{"cameraMode":{"drawMode":0,"name":"Shaded","section":"Shading Mode"},"sceneLighting":true,"audioPlay":false,"sceneViewState":{"showFog":true,"showMaterialUpdate":true,"showSkybox":true,"showFlares":true,"showImageEffects":true,"showParticleSystems":true},"in2DMode":false,"pivot":{"x":121.86872863769531,"y":625.678466796875,"z":21.088394165039064},"rotation":{"x":-0.1667211353778839,"y":0.05809139832854271,"z":-0.009298832155764103,"w":-0.984531581401825},"size":396.9898376464844,"orthographic":false}